Title,Link
The Best Vintage Looks From the 2025 Awards Season,https://www.vogue.com/slideshow/best-vintage-outfits-2025-awards-season
The White Lotus Season 3 Fashion Is All About Loud Luxury,https://www.vogue.com/article/the-white-lotus-season-3-fashion-is-all-about-loud-luxury
Ayo Edebiri Wore New York Fashion Week’s Rising Star for SNL 50,https://www.vogue.com/article/ayo-edebiri-snl-colleen-allen-new-york-fashion-week-rising-star
The Biggest Stars on the Front Row of London Fashion Week,https://www.vogue.com/slideshow/celebrities-front-row-london-fashion-week
Why Are We So Obsessed With Celebrity Court Style?,https://www.vogue.com/article/celebrity-court-fashion
Behold! Every Taylor Swift Outfit From the 2024-2025 NFL Season,https://www.vogue.com/slideshow/every-taylor-swift-outfit-2024-2025-nfl-season#intcid=_vogue-verso-hp-trending_920a9351-cae8-486c-a7ac-8b0b1cbd72ad_popular4-1
Who Pays for the Wedding? A Guide to Cost-Splitting,https://www.vogue.com/article/who-pays-for-the-wedding-etiquette-rules#intcid=_vogue-verso-hp-trending_920a9351-cae8-486c-a7ac-8b0b1cbd72ad_popular4-1
The Best Vintage Stores in Dallas Fort Worth,https://www.vogue.com/article/the-best-vintage-stores-in-dallas-fort-worth
The Best Vintage Stores in Milan,https://www.vogue.com/article/best-vintage-stores-in-milan
The Best Vintage Stores in São Paulo,https://www.vogue.com/article/best-vintage-stores-in-sao-paulo
The Best Vintage Stores in Beirut,https://www.vogue.com/article/best-vintage-stores-in-beirut
The Best Vintage Stores in Tokyo,https://www.vogue.com/article/best-vintage-stores-in-tokyo
Mikey Madison Is the 2025 Awards Season’s Fashion Darling,https://www.vogue.com/slideshow/mikey-madison-fashion-darling-anora
Bella Hadid Folds Vintage Dolce & Gabbana Into Her Cowgirl Wardrobe,https://www.vogue.com/article/bella-hadid-vintage-dolce-and-gabbana-cowgirl-wardrobe
Rihanna and A$AP Rocky Leaned Into Couple Style for Her Birthday Dinner,https://www.vogue.com/article/rihanna-asap-rocky-leaned-into-couple-style-for-her-birthday-dinner
Gen Z Deserves an Hervé Léger Bandage Dress Revival,https://www.vogue.com/article/gen-z-herve-leger-bandage-dress-revival
"It’s Time to Update Your Trench Coat, Per Stars Like Rihanna and Hailey Bieber",https://www.vogue.com/slideshow/modern-trench-coats-celebrity-winter-trend
Kendall Jenner and Ayo Edebiri Inspired My Draped Outerwear Obsession,https://www.vogue.com/article/kendall-jenner-ayo-edebiri-draped-outerwear
Street Style Snow Days,https://www.vogue.com/article/street-style-fashion-week-snow-in-street-style
I Need Celebrities to Stop Changing Clothes Every Five Seconds,https://www.vogue.com/article/i-need-celebrities-to-stop-changing-clothes-every-five-seconds
New York Fashion Week Street Style Embraced a Ladylike Agenda—7 Outfits to Re-create,https://www.vogue.com/article/new-york-fashion-week-looks-fw25
See Phil Oh’s Best Street Style Photos from the Fall 2025 Shows,https://www.vogue.com/slideshow/see-phil-ohs-best-street-style-photos-from-the-fall-2025-shows
A Moment For the Cool Model-Off-Duty Looks From NYFW,https://www.vogue.com/slideshow/best-model-off-duty-looks-nyfw-fall-2025
It’s Berlin Fashion Week!—The Best Street Style Photos From the Fall 2025 Shows,https://www.vogue.com/slideshow/the-best-street-style-photos-from-the-fall-2025-shows-in-berlin
"Go Backstage at S.S. Daley, Dilara Findikoglu, and More at the Fall 2025 Shows in London",https://www.vogue.com/slideshow/go-backstage-at-ss-daley-simone-rocha-and-more-at-the-fall-2025-shows-in-london
In Perfect Step: A Maison Margiela and Christian Louboutin Collaboration Inspired By One Magical Collection,https://www.vogue.com/article/in-perfect-step-a-maison-margiela-and-christian-louboutin-collaboration-inspired-by-one-magical-collection
A Rare Ashley Olsen Sighting Provides a Lesson in Ultimate High-Low Dressing,https://www.vogue.com/article/ashley-olsen-high-low-dressing-nike-trainers-margaux-bag
"As Peggy Flanagan Runs for Senate, a Look Back At Her Intentional Style",https://www.vogue.com/article/peggy-flanagan-election-trail-fashion
Bella Hadid Is Keeping the ’80s Alive,https://www.vogue.com/article/bella-hadid-is-keeping-the-80s-alive
Hailey Bieber Heralds the Return of This Divisive Shoe Trend,https://www.vogue.com/article/hailey-bieber-divisive-shoe-trend-peep-toe-heel
27 of Rihanna’s Boldest Style Moments Throughout the Years,https://www.vogue.com/slideshow/rihanna-style-statement-looks
Saoirse Ronan Has Undergone a Style Shift for the Ages,https://www.vogue.com/slideshow/saoirse-ronan-awards-season-style-2024
Need Office Style Inspiration? Do Yourself a Favor and Watch Clockwatchers,https://www.vogue.com/article/clockwatchers-office-style-inspiration
Polka Dots Are Trending—18 Ways to Wear the Runway-Loved Print,https://www.vogue.com/article/polka-dot-print-trend
Keke Palmer Shakes Up a Classic White Shirtdress,https://www.vogue.com/article/keke-palmer-shakes-up-a-classic-white-shirtdress
How To Get Rid Of Clothes Moths And Protect Your Wardrobe,https://www.vogue.com/article/how-to-get-rid-of-clothes-moths
Rising Star David Jonsson Is More Than Ready For His Rat Pack Moment,https://www.vogue.com/article/david-jonsson-baftas-2025-rising-fashion-star
Dakota Johnson Puts Her Own Twist on the Safety Pin Dress With a Sexy Slit,https://www.vogue.com/article/dakota-johnson-dress-slit-snl50
Emma Stone Takes the ‘Popcorn Actress’ Label Literally,https://www.vogue.com/article/emma-stone-popcorn-dress-snl-50
Blake Lively Brings Her Love of Florals to SNL’s 50th Anniversary Special,https://www.vogue.com/article/blake-lively-saturday-night-live-florals-red-carpet
Inside the Stylish Weekend Celebrating Saturday Night Live’s 50th Anniversary,https://www.vogue.com/slideshow/saturday-night-live-50th-anniversary-red-carpet
The Best Dressed Stars From the 2025 BAFTAs,https://www.vogue.com/slideshow/best-dressed-stars-2025-baftas-red-carpet
Timothée Chalamet and Kylie Jenner Do Matching Couple Style at the BAFTAs,https://www.vogue.com/article/timothee-chalamet-kylie-jenner-couple-style-baftas-2025
Cynthia Erivo’s Louis Vuitton Breastplate Defies Gravity at the 2025 BAFTAs,https://www.vogue.com/article/cynthia-erivo-louis-vuitton-dress-baftas-2025
Ayo Edebiri Wore New York Fashion Week’s Rising Star for SNL 50,https://www.vogue.com/article/ayo-edebiri-snl-colleen-allen-new-york-fashion-week-rising-star
How To Get Rid Of Clothes Moths And Protect Your Wardrobe,https://www.vogue.com/article/how-to-get-rid-of-clothes-moths
Rising Star David Jonsson Is More Than Ready For His Rat Pack Moment,https://www.vogue.com/article/david-jonsson-baftas-2025-rising-fashion-star
The White Lotus Season 3 Fashion Is All About Loud Luxury,https://www.vogue.com/article/the-white-lotus-season-3-fashion-is-all-about-loud-luxury
Dakota Johnson Puts Her Own Twist on the Safety Pin Dress With a Sexy Slit,https://www.vogue.com/article/dakota-johnson-dress-slit-snl50
Emma Stone Takes the ‘Popcorn Actress’ Label Literally,https://www.vogue.com/article/emma-stone-popcorn-dress-snl-50
Blake Lively Brings Her Love of Florals to SNL’s 50th Anniversary Special,https://www.vogue.com/article/blake-lively-saturday-night-live-florals-red-carpet
Inside the Stylish Weekend Celebrating Saturday Night Live’s 50th Anniversary,https://www.vogue.com/slideshow/saturday-night-live-50th-anniversary-red-carpet
The Best Dressed Stars From the 2025 BAFTAs,https://www.vogue.com/slideshow/best-dressed-stars-2025-baftas-red-carpet
Timothée Chalamet and Kylie Jenner Do Matching Couple Style at the BAFTAs,https://www.vogue.com/article/timothee-chalamet-kylie-jenner-couple-style-baftas-2025
Cynthia Erivo’s Louis Vuitton Breastplate Defies Gravity at the 2025 BAFTAs,https://www.vogue.com/article/cynthia-erivo-louis-vuitton-dress-baftas-2025
Why Demi Moore’s Custom McQueen Gown at the 2025 BAFTAs Was a Perfect Choice,https://www.vogue.com/article/demi-moore-baftas-2025-alexander-mcqueen-dress
Mikey Madison’s Custom Prada Gown at the 2025 BAFTAs Confirms She’s Fashion’s Newest Star,https://www.vogue.com/article/mikey-madison-2025-baftas-prada-dress
BAFTAs 2025: See Every Look From the Red Carpet,https://www.vogue.com/slideshow/baftas-2025-red-carpet-fashion-see-every-look
Looking For A Bespoke Suit in Palm Springs? At Paul Marlow You Have Come To The Right Place,https://www.vogue.com/article/paul-marlow-palm-springs
Miley Cyrus’s Gothic Showgirl Fits Deserve Their Flowers,https://www.vogue.com/article/miley-cyrus-saturday-night-life-50-anniversary-outfits
Saoirse Ronan’s Latest Look Proves the Color Analysis Trend Works,https://www.vogue.com/article/saoirse-ronan-blue-louis-vuitton-dress-iftas
Street Style Snow Days,https://www.vogue.com/article/street-style-fashion-week-snow-in-street-style
Lisa Elevates Method Dressing for ‘The White Lotus’ in a Way Only She Can,https://www.vogue.com/article/lisa-white-lotus-dress-method-dressing
The Top 8 Spring 2025 Fashion Trends You Can Shop and Wear Now,https://www.vogue.com/article/spring-2025-fashion-trends
I Need Celebrities to Stop Changing Clothes Every Five Seconds,https://www.vogue.com/article/i-need-celebrities-to-stop-changing-clothes-every-five-seconds
Timothée Chalamet Takes a Page Out of Kendrick Lamar’s Book in Bootcut Jeans,https://www.vogue.com/article/timothee-chalamet-bootcut-jeans-kendrick-lamar
Lady Gaga and Anya Taylor-Joy Cosign the Return of the Can Can Boot,https://www.vogue.com/article/lady-gaga-and-anya-taylor-joy-cosign-the-return-of-the-can-can-boot
How to Choose the Best Glasses for Your Face Shape,https://www.vogue.com/article/how-to-choose-the-best-glasses-for-your-face-shape
Allow Zoë Kravitz to Introduce the Winter Sandal,https://www.vogue.com/article/zoe-kravitz-winter-sandal
The 17 Most Stylish Celebrity Valentines,https://www.vogue.com/slideshow/the-17-most-stylish-celebrity-valentines
Jennifer Lawrence Adds a Maternity Wardrobe Must-Have to Her Outfit Rotation,https://www.vogue.com/article/jennifer-lawrence-maternity-wardrobe-track-pants
"10 Seasons In, the Black in Fashion Council Discovery Showroom Continues to Transform the Industry",https://www.vogue.com/article/fall-2025-black-in-fashion-council-discovery-showroom
Working 9-to-5! Stars Are Showing How Winter Suits Are Done,https://www.vogue.com/slideshow/winter-suits-2025-celebrity-trend-red-carpet
New York Fashion Week Street Style Embraced a Ladylike Agenda—7 Outfits to Re-create,https://www.vogue.com/article/new-york-fashion-week-looks-fw25
"For Anya Taylor-Joy and Sabrina Carpenter, Diamonds Are a Back’s Best Friend",https://www.vogue.com/article/backward-necklace-trend-anya-taylor-joy-sabrina-carpenter-taylor-russell
Jennifer Lawrence Adds a Modern Classic to Her Maternity Wardrobe,https://www.vogue.com/article/jennifer-lawrence-leopard-coat-winter-trend
Dua Lipa Is the Final Boss of This It Girl Coat,https://www.vogue.com/article/dua-lipa-penny-lane-coat
See Phil Oh’s Best Street Style Photos from the Fall 2025 Shows,https://www.vogue.com/slideshow/see-phil-ohs-best-street-style-photos-from-the-fall-2025-shows
8 New York Fashion Week Moments You May Have Missed,https://www.vogue.com/article/8-new-york-fashion-week-moments-you-may-have-missed
What Is the Difference Between Bootcut and Flare Jeans?,https://www.vogue.com/article/bootcut-jeans-vs-flare-jeans
The Best Front Row Style From New York Fashion Week,https://www.vogue.com/slideshow/new-york-fashion-week-front-row-celebrities-fall-2025
This Is Kate Middleton’s Hardest Working Coat—and It’s Bespoke,https://www.vogue.com/article/kate-middleton-princess-of-wales-bespoke-coat
Timothée Chalamet Wears Florals With a Twist for Date Night,https://www.vogue.com/article/timothee-chalamet-floral-shirt-date-night
See our Best Backstage Photos From the Fall 2025 Shows,https://www.vogue.com/slideshow/see-our-best-backstage-photos-from-the-fall-2025-shows-at-new-york-fashion-week
A Moment For the Cool Model-Off-Duty Looks From NYFW,https://www.vogue.com/slideshow/best-model-off-duty-looks-nyfw-fall-2025
Havana Rose Liu and Kristine Froseth Have a Girls’ Night Out at the Tory Burch Show,https://www.vogue.com/slideshow/havana-rose-liu-kristine-froseth-girls-night-out-tory-burch-show
Lisa Perfects the Red Carpet Transformation—From Princess to Bombshell,https://www.vogue.com/article/lisa-polar-opposite-looks-white-lotus-premiere
"Move Over, Margaux—The Row India Bag Is Coming for the Throne",https://www.vogue.com/article/the-row-india-bag
Will Men Buy Bootcut Jeans After Kendrick Lamar’s Super Bowl Performance?,https://www.vogue.com/article/will-men-buy-bootcut-jeans-kendrick-lamar-super-bowl-performance
Kendall Jenner Is in Her Bob Dylan Era,https://www.vogue.com/article/kendall-jenner-is-in-her-bob-dylan-era
Sabrina Carpenter Loves a Famous Blonde Fashion Reference,https://www.vogue.com/article/sabrina-carpenter-famous-blonde-fashion-reference
Looking Back at Sabrina Carpenter’s Red Carpet Evolution from Teeny Bopper to Bombshell,https://www.vogue.com/slideshow/sabrina-carpenter-red-carpet-evolution
"On the Podcast: Veronica Leoni, Calvin Klein’s New Creative Director, Says, “Calvin Is Not Just the Shape of a Coat or the Wash of a Denim. It’s a State of Mind.”",https://www.vogue.com/article/on-the-podcast-veronica-leoni-new-calvin-klein
Statement Tights—and Socks!—Were the Real MVP of NYFW,https://www.vogue.com/article/new-york-fashion-week-breakout-trend-statement-tights-socks
"According to the Super Bowl, We’re in the Era of the Men’s Power Bag",https://www.vogue.com/article/mens-power-bags-trend-hermes-birkin-the-row
Jennifer Lawrence Is a Fan of This Cozy Winter Wardrobe Staple,https://www.vogue.com/article/jennifer-lawrence-cozy-winter-staple-flannel-shirt
Ariana Grande Is Back to Her Witchy Ways,https://www.vogue.com/article/ariana-grande-is-back-to-her-witchy-ways
Revisiting Kate Middleton’s BAFTA Gowns Through the Years,https://www.vogue.com/article/kate-middleton-baftas-through-the-years
Meghan Markle Is Back in Her Favorite Skinny-Flare Jeans,https://www.vogue.com/article/meghan-markle-invictus-games-skinny-flare-jeans
"The Story Behind Kendrick Lamar’s 2025 Super Bowl Outfit, From the “Gloria” Jacket to the Bootcut Jeans",https://www.vogue.com/article/kendrick-lamar-2025-super-bowl-outfit-fashion-story
All the Celebrities Spotted at the 2025 Super Bowl—and What They Wore,https://www.vogue.com/slideshow/celebrities-at-super-bowl-lix
Lady Gaga Performs in Delightful Mother Monster Fashion at the 2025 Super Bowl,https://www.vogue.com/article/lady-gaga-super-bowl-2025-performance-fashion
Taylor Swift Brings Her Grammys “T” Pendant to the 2025 Super Bowl,https://www.vogue.com/article/taylor-swift-super-bowl-2025-fashion-t-necklace
The Best and Boldest Tunnel Looks from Super Bowl LIX,https://www.vogue.com/slideshow/the-best-tunnel-looks-from-super-bowl-lix
Meghan Markle Sports Her Go-To Coat Brand at the 2025 Invictus Games,https://www.vogue.com/article/meghan-markle-sentaler-coat-invictus-games
The Best Dressed Stars of the Week Donned Great Coats—and Greater Gowns,https://www.vogue.com/slideshow/10-best-dressed-stars-ariana-grande-kate-moss-ayo-edebiri
The Best NFL Looks from the 2024-2025 Season,https://www.vogue.com/slideshow/2025-best-nfl-fashion
The Coolest Jeans of 2025 Are a Hybrid of Two Classics,https://www.vogue.com/article/baggy-bootcut-denim-trend-2025
"Hailey Bieber Means Business in Original Office Siren, Archive Mugler for Date Night",https://www.vogue.com/article/hailey-bieber-archive-mugler-suit-for-date-night
Taylor Swift Steps Out for a Pre-Super Bowl Girl Dinner in a Groupie’s Favorite Coat,https://www.vogue.com/article/taylor-swift-super-bowl-penny-lane-coat
Industry’s Marisa Abela Channeled Her Inner Countess Luann at the 2025 Critics Choice Awards,https://www.vogue.com/slideshow/marisa-abela-2025-critics-choice-awards
Angelina Jolie Brought a Boho Twist to the Naked Dress Trend at the 2025 Critics Choice Awards,https://www.vogue.com/article/angelina-jolie-boho-naked-dress-trend-critics-choice-awards-2025
Zoe Saldaña Stuns in Red—and Surprises With an Open Back—at the 2025 Critics Choice Awards,https://www.vogue.com/article/zoe-saldana-red-saint-laurent-critics-choice-awards-2025
Nicole Kidman Is So Babygirl’s Samuel in Her 2025 Critics Choice Awards Look,https://www.vogue.com/article/nicole-kidman-saint-laurent-babygirl-suit-critics-choice-awards-2025
The Best Dressed Stars at the 2025 Critics Choice Awards,https://www.vogue.com/slideshow/best-dressed-stars-2025-critics-choice-awards
See Every Look From the 2025 Critics Choice Awards Red Carpet,https://www.vogue.com/slideshow/critics-choice-awards-2025-fashion-live-from-the-red-carpet
"Ariana Grande’s Couture Dress for the 2025 Critics Choice Awards Took 3,800 Hours to Make",https://www.vogue.com/article/ariana-grande-dior-couture-critics-choice-awards
5 Ways to Style Hotel-Like Slippers for Everyday,https://www.vogue.com/article/how-to-style-hotel-slippers
Kendall Jenner Embraces Swaddling in Her Model-Off-Duty Style,https://www.vogue.com/article/kendall-jenner-model-off-duty-style-nyfw-fall-2025
Bad Bunny! Kate Moss! Calvin Himself! Everyone Turned Out for Calvin Klein’s NYFW Return,https://www.vogue.com/slideshow/calvin-klein-nyfw-veronica-leoni
"Kid-Tested, Vogue-Approved: Playtime With Spring’s Most Whimsical Accessories",https://www.vogue.com/article/kid-tested-vogue-approved-spring-accessories
Addison Rae’s Current Style Is One Long Audition for a Y2K Movie About a Dancer With a Dream,https://www.vogue.com/article/addison-rae-style-y2k-dancer-uniform
This Tokyo Store Is a Celebrity Go-To for Rare Designer Bags,https://www.vogue.com/article/casanova-vintage-tokyo-vintage-bags-celebrities
Angelina Jolie Makes the Case for a Signature Red Carpet Dress,https://www.vogue.com/article/angelina-jolie-maria-premiere-signature-red-carpet-dress
Kendrick Lamar Has Always Used Fashion to Send a Message,https://www.vogue.com/slideshow/kendrick-lamar-fashion
Olivia Rodrigo Is the First Celebrity to Get Her Hands on This Viral Shoe,https://www.vogue.com/article/olivia-rodrigo-viral-louboutin-pointe-shoes
Rihanna Runs It Back With an Old Faithful Animal Print Coat,https://www.vogue.com/article/rihanna-rewears-snake-print-coat
Mikey Madison Is Committed to This Ladylike Shoe Trend,https://www.vogue.com/article/mikey-madison-t-bar-heel-shoe
Justin Bieber Is My Relatable Winter Style Icon,https://www.vogue.com/article/justin-bieber-winter-style-inspiration
"No, That’s Not a Margaux Bag Anya Taylor-Joy Is Carrying",https://www.vogue.com/article/anya-taylor-joy-faux-margaux-bag
"Molly Ringwald, Jenna Lyons, and More Hit the Runway for Lingua Franca’s First-Ever Fashion Show",https://www.vogue.com/slideshow/lingua-franca-first-runway-show
Victor Glemaud Turns Up the Coziness and Color With His New Rug Collection,https://www.vogue.com/article/victor-glemaud-rugs-patterson-flynn
"Lynn’s Passage to India: A Whirlwind Three Days in Mumbai, From Vintage Markets to Golden Crocodile Jewelry",https://www.vogue.com/article/lynn-yaeger-mumbai-sabyasachi-travel-diary
Vogue’s Guide to the Black-Tie Dress Code,https://www.vogue.com/article/black-tie-dress-code
Meghan Markle’s Earth Mom Wardrobe Has a Common Theme,https://www.vogue.com/article/meghan-markle-earth-mom-personalized-sweater-jewelry
Hailey and Justin Bieber Remind Us of Their Couple Style Codes,https://www.vogue.com/article/hailey-justin-bieber-couple-style-date-night
Is Demi Moore’s Best Accessory Her Schiaparelli Bag or Her Dog?,https://www.vogue.com/article/demi-moore-accessorizes-pilaf-dog-bag
Give A Frock Los Angeles Wants You to Shop Celebrity Closets for a Cause,https://www.vogue.com/article/give-a-frock-los-angeles-benefit-auction
The Naked Truth About Bianca Censori’s Grammys Look,https://www.vogue.com/article/the-naked-truth-about-bianca-censoris-grammys-look-2025
Anya Taylor-Joy Peacocks Around New York City,https://www.vogue.com/article/anya-taylor-joy-peacocks-around-new-york-city
It’s Berlin Fashion Week!—The Best Street Style Photos From the Fall 2025 Shows,https://www.vogue.com/slideshow/the-best-street-style-photos-from-the-fall-2025-shows-in-berlin
Everything You Need to Know About the 2025 Met Gala,https://www.vogue.com/article/everything-to-know-met-gala
The 2025 Met Gala Has a Dress Code—and It’s Personal,https://www.vogue.com/article/met-gala-dress-code-2025
2025 Just Got Even Better for GloRilla,https://www.vogue.com/article/glorilla-fenty
Doechii Knows Her 2025 Grammys Looks Demanded “A Certain Taste Level”,https://www.vogue.com/slideshow/final-fitting-doechii-grammys-2025
Chappell Roan Brought Her Rodeo Clown Fantasy to Life at the 2025 Grammys,https://www.vogue.com/article/chappell-roan-does-balletcore-like-only-she-could-at-the-2025-grammys
Forget Oxblood! Jennifer Lawrence Declares Cobalt the New It-Color,https://www.vogue.com/article/jennifer-lawrence-new-it-color-cobalt
“Black Dress II: Homage” Celebrates A History Of Black Fashion In America,https://www.vogue.com/article/black-dress-ii-homage-pratt-exhibition
Lady Gaga’s Abracadabra Is a Freaky Fashion Fantasy,https://www.vogue.com/article/lady-gaga-abracadabra-music-video-fashion
Kendrick Lamar Perfected Hater Fashion at the 2025 Grammys,https://www.vogue.com/article/kendrick-lamar-perfected-hater-fashion-at-the-2025-grammys
Jennifer Lopez Went Full Winter Glam for the 2025 Grammys After Parties,https://www.vogue.com/article/jennifer-lopez-grammys-after-party-winter-coat
The Best Behind-the-Scenes Moments at the Copenhagen Fashion Week Fall 2025 Shows,https://www.vogue.com/slideshow/the-best-behind-the-scenes-moments-copenhagen-fashion-week-fall-2025-shows
See Every Look from the 2025 Grammys Red Carpet,https://www.vogue.com/slideshow/grammys-2025-fashion-live-from-the-red-carpet
Everything You Need to Know About the Fall 2025 New York Fashion Week Shows,https://www.vogue.com/article/new-york-fashion-week-fall-2025-preview
Samara Joy’s 2025 Grammys Look Is the Start of Many Major Fashion Moments,https://www.vogue.com/slideshow/samara-joy-amanda-murray-grace-ling-grammys-look-2025
Beyoncé Brings Western Couture to the 2025 Grammys—and Wins Best Album,https://www.vogue.com/article/beyonce-cowboy-carter-western-fashion-grammys-2025
Gracie Abrams Is Auditioning to Be the Next Chanel Bride at the 2025 Grammys,https://www.vogue.com/article/gracie-abrams-2025-grammys-chanel
Sabrina Carpenter Shakes Her Tailfeathers at the 2025 Grammys,https://www.vogue.com/article/sabrina-carpenter-shakes-her-tailfeathers-at-the-2025-grammys
The Best Dressed Stars at the 2025 Grammys,https://www.vogue.com/slideshow/best-dressed-stars-2025-grammys-red-carpet
Taylor Swift’s Red Hot Grammys Jewelry Hints at Her Devotion (and Maybe Reputation),https://www.vogue.com/article/taylor-swift-2025-grammys-jewelry
Lady Gaga Brings Gothic Glamour—and a One-of-a-Kind Necklace—to the 2025 Grammys,https://www.vogue.com/article/lady-gaga-grammys-tiffany-necklace
Olivia Rodrigo Sticks to Her Favorite Fashion Formula at the 2025 Grammys,https://www.vogue.com/article/olivia-rodrigo-2025-grammys
Taylor Swift’s Color of Choice at the 2025 Grammys? Chiefs Red,https://www.vogue.com/article/taylor-swift-2025-grammys-chiefs-red-dress
Jaden Smith Wore… a Castle to the 2025 Grammys?,https://www.vogue.com/article/jaden-smith-castle-headpiece-grammys-2025
Kim Kardashian’s Dress Is More Skin and Mesh Than Actual Dress,https://www.vogue.com/article/kim-kardashian-backless-dress
Hailey Bieber Makes the Mommy Bag Chic,https://www.vogue.com/article/hailey-bieber-handbag-stroller
Happy 31st Birthday Harry Styles! Revisit 31 of His Best Outfits,https://www.vogue.com/slideshow/harry-styles-birthday-best-outfits
"Will Taylor Swift Attend the Super Bowl? If She Does, Here’s What She Should Wear",https://www.vogue.com/slideshow/taylor-swift-2025-super-bowl-fantasy-fashion
An Ode to Marianne Faithfull’s Forever Cool Eyewear,https://www.vogue.com/article/marianne-faithfull-sunglasses-eyewear
WNBA Star Satou Sabally Talks Bringing Her Stellar Game—and Style—to The Phoenix Mercury,https://www.vogue.com/article/wnba-star-satou-sabally-phoenix-mercury
The Runway Looks We Want to See During the 2025 Awards Season,https://www.vogue.com/slideshow/2025-awards-season-dream-dress-runway
Victoria Beckham’s Transparent Heels Come With a Medical Warning,https://www.vogue.com/article/victoria-beckham-transparent-medical-warning
Timothée Chalamet Talks Designing His Own Merch—For 100 Lucky Fans,https://www.vogue.com/article/timothee-chalamet-a-complete-unknown-hoodie
The Best Street Style Photos From the Fall 2025 Shows in Copenhagen,https://www.vogue.com/slideshow/the-best-street-style-photos-from-the-fall-2025-shows-in-copenhagen
Dua Lipa Adds This New Role To Her Resumé,https://www.vogue.com/article/dua-lipa-is-the-face-of-the-new-chanel-25-bag
Hailey Bieber Is Back in Her Favorite Form of Leather,https://www.vogue.com/article/hailey-bieber-suede-jacket
“I'm Back in the Game!” David Beckham on His Boss One Bodywear Campaign,https://www.vogue.com/article/david-beckham-on-his-boss-one-bodywear-campaign
15 Archive Photos of Original Rock Chick Marianne Faithfull,https://www.vogue.com/slideshow/15-archive-photos-of-original-rock-chick-marianne-faithfull
"Gabbriette Is Living Her Dark, Sexy Fairytale at Saint Laurent",https://www.vogue.com/slideshow/gabbriette-saint-laurent-mens-fall-2025-diary
Kate Middleton’s High Street Dress Is the Hardest-Working Item in the Royal Wardrobe,https://www.vogue.com/article/kate-middleton-zara-dress
How Sonam Kapoor Gets Ready For a Dior Couture Show,https://www.vogue.com/article/last-looks-sonam-kapoor
Phil Oh’s Best Street Style Photos From the Spring 2025 Couture Shows,https://www.vogue.com/slideshow/the-best-street-style-photos-from-the-couture-2025-shows-in-paris
Paging All Denim Lovers! Levi’s Is Introducing Its Most Premium Line Yet,https://www.vogue.com/article/levis-blue-tab-denim-collection-launch
"Happy Birthday, Tyla! Revisit Her Naughties Pop Star Style",https://www.vogue.com/slideshow/tyla-naughties-pop-star-style
The Touching Meaning Behind Kate Middleton’s Pearls,https://www.vogue.com/article/kate-middleton-princess-of-wales-pearls
"Hailey Bieber Revives the Babushka Scarf Trend, Because Needs Must",https://www.vogue.com/article/hailey-bieber-bonnet-scarf
I Simply Cannot Stop Watching Videos of Strangers Buying Birkin Bags,https://www.vogue.com/article/love-luxury-tik-tok-birkin-bags
Step Inside Alessandro Michele’s Valentino Atelier Ahead of His First Couture Show,https://www.vogue.com/article/inside-the-atelier-alessandro-michele-valentino-couture-spring-2025
Lights! Camera! Action! Go Behind-the-Scenes at the Spring 2025 Couture Shows,https://www.vogue.com/slideshow/go-behind-the-scenes-at-the-spring-2025-couture-shows
Rihanna’s Double Denim Winter Styling Is On Point,https://www.vogue.com/article/rihanna-double-denim-winter-styling
The Best Dressed Stars at Spring 2025 Couture Week,https://www.vogue.com/slideshow/best-dressed-stars-couture-week-spring-2025
"Kylie Jenner Talks Becoming a Chanel Girl, and What She Loved About the Couture Show",https://www.vogue.com/slideshow/kylie-jenner-chanel-couture-paris-fashion-week
"Demi Moore Takes Paris, Dressed Like the Award Statuette She Deserves",https://www.vogue.com/article/demi-moore-paris-fashion-week-armani
Kylie Jenner Channels Her Inner Cheetah Girl,https://www.vogue.com/article/kylie-jenner-channels-her-inner-cheetah-girl
Reese Witherspoon Champions the Return of This Classic It Bag,https://www.vogue.com/article/reese-witherspoon-it-bag-return
Jennifer Lawrence Adds Dad Shoes to Her Maternity Wardrobe,https://www.vogue.com/article/jennifer-lawrence-adds-dad-shoes-to-her-maternity-wardrobe
Melania Trump Cosplays The Apprentice in Her Official White House Portrait,https://www.vogue.com/article/melania-trump-official-white-house-portrait-the-apprentice-cosplay
The Best Celebrity Sightings From the 2025 Sundance Film Festival,https://www.vogue.com/slideshow/2025-sundance-film-festival-fashion-red-carpet
Readymade Meets Ready-To-Wear: Gallery Dept. By Josué Thomas Exhibits in Paris,https://www.vogue.com/article/readymade-meets-ready-to-wear-gallery-dept-by-josue-thomas-exhibits-in-paris
Forget the Naked Dress—Jennie Brings a Naked Cape to Couture Week,https://www.vogue.com/article/jennie-chanel-couture-week-cape
Let a Pair of Zany Sunglasses Revive Your Winter Style,https://www.vogue.com/article/let-a-pair-of-zany-sunglasses-revive-your-winter-style
"On the Podcast: Alessandro Michele Discusses His New Life at Valentino—“I Felt Myself Like in the Middle of a Poem, a Novel, a Book”",https://www.vogue.com/article/on-the-podcast-alessandro-michele-valentino
"From Winter Whites to Emily in Paris–Inspired Berets, 9 Street Style Trends From the Fall 2025 Menswear Shows",https://www.vogue.com/article/9-street-style-trends-from-the-fall-2025-menswear-shows
Attending a Louis Vuitton Show One Day and Playing an NBA Game the Next: How Jeremy Sochan Did Paris,https://www.vogue.com/slideshow/jeremy-sochan-paris-fashion-week
20 Chic Robes to Wear Around the House,https://www.vogue.com/article/best-bathrobes-for-women
A Complete Look at Paris Mens Fashion Week Street Style—See All 322 Images Photographed by Phil Oh,https://www.vogue.com/slideshow/the-best-street-style-photos-from-the-fall-2025-menswear-shows-in-paris
Kendall Jenner Road Tests the Latest Trends In Her Model-Off-Duty Style,https://www.vogue.com/article/kendall-jenner-road-tests-latest-trends-model-off-duty-style-couture-spring-2025
Inside Pro Athlete A'ja Wilson’s First Paris Fashion Week,https://www.vogue.com/slideshow/aja-wilson-paris-fashion-week-diary
“Les Siciliennes Are Going to Paris”—Inside Dolce & Gabbana’s Impromptu Alta Moda Show,https://www.vogue.com/article/dolce-gabbana-alta-moda-paris-2025
Behold! Every Taylor Swift Outfit From the 2024-2025 NFL Season,https://www.vogue.com/slideshow/every-taylor-swift-outfit-2024-2025-nfl-season
The Best Dressed Stars of the Week Made Statements With Simplicity,https://www.vogue.com/slideshow/10-best-dressed-stars-tyla-sydney-sweeney-cynthia-erivo
Go Backstage at the Hottest Menswear Shows of Paris Fashion Week,https://www.vogue.com/slideshow/go-backstage-at-the-fall-2025-menswear-shows-at-paris-fashion-week
Tyla Redefines the Naked Dress at the Jacquemus Show,https://www.vogue.com/article/tyla-naked-dress-jacquemus-paris-fashion-week
Bella Hadid Puts a Modern Twist on a Classic Penny Lane Coat,https://www.vogue.com/article/bella-hadid-penny-lane-coat
Y2K Fashion 101: How the Millennium Started Trending All Over Again,https://www.vogue.com/article/y2k-fashion
Benito Skinner—aka Benny Drama—Braves the Rain for Dior (and Crêpes),https://www.vogue.com/slideshow/benito-skinner-benny-drama-dior-men-fall-2025-diary
The Heartthrobs of Men’s Fashion Week,https://www.vogue.com/article/the-heartthrobs-of-mens-fashion-week
This Freaky-Chic Shoe Will Be Everywhere in 2025,https://www.vogue.com/article/freaky-chic-shoe-trend-2025
All the Best-Dressed Stars at Men’s Fashion Week,https://www.vogue.com/slideshow/all-the-best-dressed-stars-at-mens-fashion-week
Is That Sarah Jessica Parker or Carrie Bradshaw at Sundance?,https://www.vogue.com/article/sarah-jessica-parker-carrie-bradshaw-sundance-film-festival
Kate Moss Will Never Abandon Her Signature Faux-Fur Jacket,https://www.vogue.com/article/kate-moss-signature-faux-fur-jacket
How to Wash Cashmere for Long-Lasting Elegance,https://www.vogue.com/article/how-to-wash-cashmere
"Bella Hadid Knows: When in Doubt, Wear Your Sister’s Clothes",https://www.vogue.com/article/bella-hadid-leggings-puffer
How Putricia the Blooming Corpse Flower—the Internet’s Stinkiest It Girl—Should Dress for Her Coming Out,https://www.vogue.com/article/putricia-blooming-corpse-flower-australia
